date,actual_volatility,garch_forecast,rf_direct_pred,rf_residual_full,xgb_direct_pred,xgb_residual_full
2023-11-15,0.0320550319963629,0.025644025597090322,0.04224527022758028,0.033969150796203516,0.038783737,0.034529863688463766
2023-11-16,0.0371598732310156,0.02972789858481248,0.036134325629909946,0.03683619175432431,0.03793235,0.03685356774380763
2023-11-17,0.0165767689902554,0.01326141519220432,0.024373182845416203,0.018108982493129783,0.020749187,0.01804120059804877
2023-11-18,0.0128925469429848,0.01031403755438784,0.013680411530435898,0.013060789664262211,0.010962574,0.012504513372157605
2023-11-19,0.016706790698083,0.013365432558466402,0.022028516578830478,0.017785776371028246,0.01952492,0.016923108542223182
2023-11-20,0.0203362459356652,0.01626899674853216,0.024249585116980724,0.02113083481960783,0.021358034,0.021012233796919688
2023-11-21,0.0228216042173414,0.018257283373873123,0.029162113771852138,0.024073919986614102,0.029345417,0.02375155850420464
2023-11-22,0.0322270798092828,0.02578166384742624,0.030499121602514417,0.031959465621067565,0.03341779,0.03220757866770989
2023-11-23,0.0147460393803409,0.011796831504272721,0.01703622403511573,0.015200039494234848,0.015229522,0.01476708671713104
2023-11-24,0.0205879737126043,0.01647037897008344,0.02426861696677804,0.021424678754296884,0.024062775,0.02156956331553742
2023-11-25,0.0054520745750898,0.0043616596600718404,0.009725497898247986,0.006301129891838852,0.0037270284,0.0056295786277137305
2023-11-26,0.0112648345073853,0.00901186760590824,0.017573843282060922,0.01250069616473883,0.016069122,0.012083420214070405
2023-11-27,0.016060099129377,0.0128480793035016,0.018252007655304846,0.016566713645424242,0.016207578,0.016257857537119145
2023-11-28,0.0267037191053297,0.02136297528426376,0.023263291489175067,0.026038341354082728,0.022794558,0.026103474709943206
2023-11-29,0.016360986005635,0.013088788804508,0.018219120130741517,0.016778418110165182,0.013888392,0.01604994732411876
2023-11-30,0.011881720197752,0.0095053761582016,0.01478990006350802,0.012520279662974594,0.0131872455,0.01195958273849776
2023-12-01,0.0202177659925823,0.01617421279406584,0.024409821922158553,0.020984611894910292,0.024595194,0.021613688904106983
2023-12-02,0.0150864047483605,0.012069123798688401,0.019481839520634443,0.015961234527337987,0.014975802,0.015576904175510158
2023-12-03,0.0152977592626861,0.012238207410148881,0.019819343881613233,0.016222627475394002,0.016944805,0.01550849727081468
2023-12-04,0.0287818802897,0.023025504231760002,0.03091662401583461,0.02921735486058688,0.03026365,0.0300131858441324
2023-12-05,0.0407248499490809,0.03257987995926472,0.03683026246075473,0.039947373858207035,0.034812033,0.038952037909218994
2023-12-06,0.0148867477886008,0.01190939823088064,0.02154577450819222,0.016290652362644892,0.02135365,0.016081225107580567
2023-12-07,0.0186999106146802,0.01495992849174416,0.022866271244469237,0.01961301734321067,0.022576554,0.02046070099401748
2023-12-08,0.0227485015818354,0.01819880126546832,0.024430173075242697,0.023068504119728092,0.02470774,0.02392600017171117
2023-12-09,0.0106244374640316,0.008499549971225281,0.016491382836719016,0.011746474510614224,0.0112868715,0.010928570096644183
2023-12-10,0.0077704967654563,0.00621639741236504,0.01241717303622326,0.008632784354258622,0.008439551,0.008268325492983421
2023-12-11,0.0475919283567063,0.038073542685365044,0.041826816084187285,0.046613681800211304,0.044954117,0.04790149365470346
2023-12-12,0.0240645337202973,0.01925162697623784,0.022660912718125675,0.023806705710309007,0.027138295,0.0239581228833955
2023-12-13,0.0447859111278674,0.035828728902293924,0.04112999464653606,0.04387755188234734,0.04192856,0.043857005166961435
2023-12-14,0.0336129870303036,0.02689038962424288,0.03156336896790772,0.03323580491533476,0.03515488,0.033574831674997904
2023-12-15,0.0175189349156693,0.014015147932535442,0.03004404421859054,0.01991020926421641,0.022500783,0.019148438241994414
2023-12-16,0.0181001375909919,0.01448011007279352,0.01840423525075229,0.01818137493721076,0.01808161,0.018111155416147863
2023-12-17,0.0145686063918328,0.01165488511346624,0.023962333977155414,0.016455594777612374,0.018558232,0.0153052849697356
2023-12-18,0.0324695459150374,0.025975636732029923,0.02939563025743275,0.03185250038510957,0.03199494,0.03183818195407391
2023-12-19,0.0273877512582706,0.021910201006616482,0.025697389770919895,0.02709102214096809,0.022412678,0.0268536700802399
2023-12-20,0.0273475996368651,0.02187807970949208,0.027527281730399887,0.027416950274651252,0.030211367,0.027834848233393782
2023-12-21,0.015195895674679,0.0121567165397432,0.017845062947990563,0.015729957111068622,0.016440215,0.015602536956998363
2023-12-22,0.0158031902312997,0.012642552185039761,0.01881044426644825,0.01641125130283057,0.015752316,0.01563552095850909
2023-12-23,0.0106510874751383,0.00852086998011064,0.013244833192928233,0.011155706191493822,0.0091771,0.01022643628484648
2023-12-24,0.0213511208616091,0.01708089668928728,0.022724369594881503,0.021667287299482543,0.019979447,0.021629250763646222
2023-12-25,0.0155647648765491,0.012451811901239281,0.021286694596793432,0.01672459899838478,0.016616924,0.01581854952773226
2023-12-26,0.0285526355199622,0.022842108415969762,0.026549521470152947,0.028184171289991723,0.028534647,0.029005015412875566
2023-12-27,0.0223659460235815,0.0178927568188652,0.02321013940757027,0.022505200856246528,0.024100093,0.02299698613870587
2023-12-28,0.0221234618347228,0.01769876946777824,0.02433963249128462,0.022587763712583173,0.022231786,0.02248096606776837
2023-12-29,0.0294555396630751,0.02356443173046008,0.02858971452853008,0.02939460471809868,0.030159632,0.03019114854539529
2023-12-30,0.0183252106787476,0.014660168542998082,0.016226865231597852,0.017962835208617745,0.016380519,0.018236046295153147
2023-12-31,0.0154073083040638,0.01232584664325104,0.019398804825991708,0.01621520664117259,0.015012501,0.015542961244535306
2024-01-01,0.0182560714239829,0.014604857139186321,0.026998349138219892,0.01999934436020886,0.027498577,0.019752806931631027
2024-01-02,0.0250053086005762,0.02000424688046096,0.02702973294196555,0.02537110239721725,0.029323189,0.026906879649658186
2024-01-03,0.0720581989921215,0.057646559193697204,0.05837040250937935,0.06957781082996153,0.06863676,0.07132685148712659
2024-01-04,0.0287377551084652,0.02299020408677216,0.035811718868710554,0.030112892175452398,0.032526173,0.028978634318581775
2024-01-05,0.0310800494873519,0.024864039589881523,0.031551830257058724,0.031147131753092916,0.03525893,0.031052074601173027
2024-01-06,0.0129563781154064,0.010365102492325121,0.017055152972431008,0.013921093524563083,0.012274821,0.01292902632249158
2024-01-07,0.0145813425119841,0.01166507400958728,0.02548074196523585,0.01684138110545321,0.021201212,0.015454242326458208
2024-01-08,0.0485327621887717,0.03882620975101736,0.04373533811718798,0.047510596063078836,0.04095716,0.047270045873768596
2024-01-09,0.0478831061939856,0.038306484955188486,0.03556542818262291,0.04545437674886558,0.046219673,0.046059740266588184
2024-01-10,0.051710866300148,0.0413686930401184,0.05105063079048337,0.05185658005208033,0.04758577,0.05100370004902858
2024-01-11,0.0501390302922237,0.04011122423377896,0.04331613909691892,0.048544438633107416,0.0407507,0.04772958538648749
2024-01-12,0.063603345013593,0.0508826760108744,0.06389340389715172,0.06345661294882213,0.06491653,0.06335333487942565
2024-01-13,0.0135144358714794,0.010811548697183522,0.03219738846358668,0.017385737235328047,0.015977167,0.013988810375685485
2024-01-14,0.0156491046714086,0.01251928373712688,0.028157295845092828,0.018196775827832825,0.025673281,0.016493504918251328
2024-01-15,0.0254848933271064,0.02038791466168512,0.03664476102678677,0.02785520921721546,0.029258858,0.02614765630699147
2024-01-16,0.0235421854070953,0.01883374832567624,0.02920367398296746,0.024722625546517718,0.018399525,0.023798667620838203
2024-01-17,0.0156646307675922,0.012531704614073762,0.01977899514058745,0.016422675603031452,0.017498765,0.01646605261614991
2024-01-18,0.0314045098599298,0.02512360788794384,0.028459470526649086,0.030691688214370898,0.028574748,0.030711241121461248
2024-01-19,0.0324966909420148,0.02599735275361184,0.0270264802823749,0.03135624077010896,0.026626125,0.03154013162929062
2024-01-20,0.0070430121383914,0.00563440971071312,0.012344262989883347,0.00806181131002865,0.0068456423,0.007016875185020657
2024-01-21,0.006216500810861,0.0049732006486888,0.011360200264750342,0.007217968636393426,0.007629,0.006253588977866895
2024-01-22,0.0244926881537763,0.01959415052302104,0.028778052994410688,0.025346818807284805,0.02328335,0.024326643368526517
2024-01-23,0.0286747371868116,0.022939789749449283,0.023031597127817837,0.027497485137815632,0.022083914,0.02685962448618391
2024-01-24,0.0186960530380863,0.01495684243046904,0.01913171788041666,0.018779588119718926,0.015001594,0.018005215816732888
2024-01-25,0.0131479458423723,0.01051835667389784,0.015868787036110638,0.013708955228369896,0.011127769,0.013240980431915857
2024-01-26,0.0307348288049777,0.024587863043982163,0.026479770393165913,0.029942968616044487,0.026400054,0.02986039632289447
2024-01-27,0.0129005864626972,0.010320469170157762,0.014146475198333192,0.013296095877545083,0.015145395,0.012814498870913835
2024-01-28,0.0204169694615462,0.016333575569236963,0.02139655203565749,0.0206738746160433,0.021077657,0.020918521773213832
2024-01-29,0.0173569489110796,0.013885559128863682,0.024787034055899188,0.018810870345684953,0.017053097,0.01790923214171635
2024-01-30,0.0188722502997113,0.015097800239769041,0.020804136861937998,0.019245373577048842,0.019924868,0.018529971426201282
2024-01-31,0.0235634443454135,0.0188507554763308,0.02222759811699263,0.023268130428887177,0.027097635,0.02361741854709892
2024-02-01,0.0220883267877174,0.01767066143017392,0.02184891182133847,0.022017928684775593,0.02320754,0.021967485766225862
2024-02-02,0.0153797687138776,0.01230381497110208,0.018465768822209308,0.016041247670918295,0.015403526,0.015507180922878585
2024-02-03,0.0077319364592858,0.006185549167428641,0.010071189171347153,0.008248942936679283,0.0049468162,0.007767107892293958
2024-02-04,0.0135023439098504,0.01080187512788032,0.01956372561541885,0.014685308991218267,0.015999205,0.014072440660028204
2024-02-05,0.0215364060258586,0.01722912482068688,0.02386885735652289,0.021899018591880454,0.02363206,0.021806959911145275
2024-02-06,0.0123552387295311,0.00988419098362488,0.017133859880554752,0.013318350803512588,0.013447312,0.01250125933952791
2024-02-07,0.019100625157118,0.0152805001256944,0.022812146642688852,0.019757229340265553,0.021654004,0.019719929040032752
2024-02-08,0.0154119180319466,0.01232953442555728,0.022664212704672962,0.016870955843784483,0.019979829,0.016522873922408247
2024-02-09,0.0372830674912538,0.02982645399300304,0.03504944779324199,0.03701703635251948,0.034225054,0.03748508646516052
2024-02-10,0.0187252977890032,0.014980238231202562,0.02144438967501132,0.019500246368072294,0.016966296,0.01854559296958705
2024-02-11,0.0134730929959251,0.010778474396740081,0.023991900119301367,0.015649808391618537,0.019950215,0.015615693068777206
2024-02-12,0.031860378885579,0.0254883031084632,0.03496315924433106,0.03259772210477242,0.03904026,0.03224497993508926
2024-02-13,0.0295150098436607,0.02361200787492856,0.02646381584087903,0.02876226943806994,0.030383939,0.03004115205623969
2024-02-14,0.0298554849781162,0.023884387982492962,0.037901425780104095,0.03138993534323098,0.033731624,0.030809715220188418
2024-02-15,0.0203833639848674,0.01630669118789392,0.02422299023031892,0.021169287255075768,0.023932828,0.02187237873626309
2024-02-16,0.013348053812148,0.0106784430497184,0.01804365875716654,0.014339916365936005,0.01286688,0.01389836931385543
2024-02-17,0.0203585711784364,0.01628685694274912,0.018885791236836588,0.02015358437712051,0.017639913,0.020130120200044014
2024-02-18,0.0154818499071053,0.01238547992568424,0.019612893867358757,0.016394039327471535,0.014666211,0.016096382221690922
2024-02-19,0.0101300141062239,0.00810401128497912,0.01773785684321385,0.011679435321173685,0.014209883,0.011189413823979035
2024-02-20,0.0297732356468718,0.023818588517497442,0.02518363615036749,0.02893323409097248,0.027466767,0.029471160080175064
2024-02-21,0.0234146056855993,0.01873168454847944,0.024992567811773142,0.023774424679015024,0.021929953,0.023137649180066708
2024-02-22,0.0138878643747511,0.01111029149980088,0.01987908892179134,0.015109676491452815,0.015527968,0.014504452152334054
2024-02-23,0.0125990838233967,0.01007926705871736,0.019854496649263795,0.013914114013649644,0.012855495,0.013177732328148832
2024-02-24,0.0116871520589018,0.00934972164712144,0.01829854362452611,0.012973245084259526,0.009827764,0.012041179160841237
2024-02-25,0.0090948398420285,0.0072758718736228,0.015081281862635623,0.010282995477950982,0.010297302,0.009877079107588196
2024-02-26,0.0428776701091793,0.03430213608734344,0.03794445417227953,0.041855402185590244,0.0394935,0.04182531560726498
2024-02-27,0.0274700617873235,0.0219760494298588,0.03593348251860908,0.029282159141209817,0.03732912,0.028961588534648294
2024-02-28,0.0647773714328974,0.05182189714631792,0.08026029804750516,0.06777847648475521,0.067203395,0.06710500583520886
2024-02-29,0.035424565143694,0.0283396521149552,0.04149753079885198,0.03629704845166891,0.040497832,0.036598747366515416
2024-03-01,0.0234935673350235,0.0187948538680188,0.029316076842966318,0.02465573936540392,0.024412373,0.024281202511917763
2024-03-02,0.009105044942386,0.0072840359539088,0.018576151416647552,0.010920934257940468,0.011888067,0.009598830529704332
2024-03-03,0.0186006438682445,0.0148805150945956,0.023572710131069156,0.019646449343455764,0.019778203,0.017623243545862484
2024-03-04,0.0462425771278135,0.0369940617022508,0.04565456245428701,0.04639955471730044,0.05408193,0.04847517170882162
2024-03-05,0.1021188856007044,0.08169510848056352,0.09591500041025058,0.10137529729825233,0.10724483,0.10393353625368154
2024-03-06,0.0477014802580853,0.038161184206468246,0.05463069375130289,0.04927173924837266,0.057628315,0.05241404430554547
2024-03-07,0.0247555700668266,0.019804456053461282,0.034811617730153774,0.026647663093712373,0.033471078,0.02499664227121636
2024-03-08,0.0388122850677149,0.03104982805417192,0.05205621460713333,0.04145674233665875,0.04286393,0.04047582113162887
2024-03-09,0.0068366019692077,0.00546928157536616,0.02555521125120412,0.010650486016403215,0.009016961,0.007651267689376375
2024-03-10,0.017430786145692,0.013944628916553601,0.029945560814308922,0.02002056699278112,0.021348719,0.018818856485060795
2024-03-11,0.051556310028205,0.041245048022564006,0.03740212938678969,0.04875007493813101,0.04882228,0.051415240480299544
2024-03-12,0.0434067026873745,0.0347253621498996,0.0349910751257404,0.04169221604315394,0.04266705,0.04351281253052294
2024-03-13,0.0177930773488424,0.014234461879073922,0.02582376542607444,0.01947566209597412,0.022078352,0.019029126560031716
2024-03-14,0.0498468570702765,0.03987748565622121,0.04416400674692291,0.048831632158022276,0.050835367,0.049951671795029934
2024-03-15,0.0679194372043823,0.054335549763505846,0.059171551720830086,0.0659603559873507,0.058611594,0.06751016276991884
2024-03-16,0.0393745992147394,0.031499679371791524,0.04621939666156312,0.0407410431182261,0.043450445,0.03913373237855975
2024-03-17,0.0363419612850301,0.029073569028024084,0.042061142312129166,0.03757221703292924,0.039436523,0.03708574272537649
2024-03-18,0.0239018020642357,0.01912144165138856,0.035182731717407684,0.026162001383639624,0.032460496,0.024949440859511052
2024-03-19,0.0466316881790609,0.037305350543248725,0.0541915818671497,0.04829101329804916,0.047653377,0.047780856617975306
2024-03-20,0.0572162208380148,0.045772976670411844,0.04862928151148543,0.055528338039386685,0.059411652,0.055899144578722734
2024-03-21,0.0329854306764274,0.026388344541141924,0.038635467949121524,0.034058647602897,0.040576685,0.034744755551168856
2024-03-22,0.0453018505346237,0.03624148042769896,0.04186794508204275,0.04465079661989596,0.04150249,0.044967789481298794
2024-03-23,0.0328300617808897,0.026264049424711763,0.032846485099953145,0.032939755131311185,0.032815218,0.03267366796258479
2024-03-24,0.0281523658403704,0.02252189267229632,0.0413268399788758,0.03063451749797315,0.038919482,0.029829931555207526
2024-03-25,0.0426173270274966,0.03409386162199728,0.046687661324577745,0.04348760971796846,0.047368087,0.04450219791867487
2024-03-26,0.022886865088248,0.0183094920705984,0.027472960208353932,0.023747304468574836,0.023991443,0.02326585530526737
2024-03-27,0.034113949957166,0.027291159965732798,0.03502458094911843,0.03432199581257801,0.03710502,0.03466179955814193
2024-03-28,0.0240068750947959,0.019205500075836723,0.02693804307461745,0.024488845399685807,0.02758185,0.024739601819087808
2024-03-29,0.017435799714204,0.013948639771363201,0.022550781322040424,0.01842865521240999,0.01869196,0.01775553860740966
2024-03-30,0.0075271830979549,0.00602174647836392,0.015546475905851622,0.009138774210009054,0.011219768,0.007779720981925775
2024-03-31,0.0101435281307442,0.008114822504595361,0.020853627702083828,0.012354785263315751,0.019582786,0.011717565187737785
2024-04-01,0.0294117545905381,0.02352940367243048,0.025827324898694957,0.028551063190611934,0.02979306,0.029579924248967136
2024-04-02,0.037865567215558,0.0302924537724464,0.0331289464645954,0.037020166343663966,0.038154304,0.03706277028383899
2024-04-03,0.0255142581979799,0.020411406558383922,0.022181893795396066,0.024806872357192367,0.020845164,0.024052117865909557
2024-04-04,0.038115174590275,0.03049213967222,0.03198453912539397,0.03676580306456424,0.0331104,0.03589827629673506
2024-04-05,0.0288070247441461,0.02304561979531688,0.03113880159721384,0.02931774926125648,0.029935237,0.02842205514594359
2024-04-06,0.0209776233792577,0.01678209870340616,0.022344148594703784,0.021173181353648884,0.022379184,0.020955088802001778
2024-04-07,0.0146867096041846,0.01174936768334768,0.021577384749359895,0.016010494650557778,0.018341754,0.01491590215560458
2024-04-08,0.031703647188414,0.0253629177507312,0.030535339755885987,0.031467465624603896,0.035747167,0.031475189204916446
2024-04-09,0.0284324654980864,0.022745972398469122,0.028493867405458614,0.028491122708000034,0.03338047,0.028905390661010416
2024-04-10,0.034850309055398,0.027880247244318403,0.03103961992721842,0.03418584230153519,0.037353072,0.0348560381957194
2024-04-11,0.0165585903819436,0.01324687230555488,0.022080046732569705,0.017642194195412977,0.016958933,0.01669601684590949
2024-04-12,0.0581171437554533,0.04649371500436264,0.05434984326157254,0.057506991794335924,0.060986266,0.058999663547911224
2024-04-13,0.0740704218835684,0.05925633750685472,0.08786540525957415,0.0767344487631524,0.08263304,0.07557826109060067
2024-04-14,0.0374222581854208,0.029937806548336637,0.04583592988275151,0.039248127195094726,0.04105316,0.0386822717355286
2024-04-15,0.045446927250915,0.036357541800732,0.046312257370454815,0.04558089787778611,0.04394531,0.04639236000298916
2024-04-16,0.0308326060770712,0.02466608486165696,0.03819537475494323,0.03228379638406195,0.03917422,0.03196133016636067
2024-04-17,0.0489069266235539,0.039125541298843124,0.044430401276552484,0.048284407937340096,0.047549926,0.04743029929623673
2024-04-18,0.0305043405033841,0.02440347240270728,0.03763996763551346,0.031795850254855436,0.040702555,0.031762474653885306
2024-04-19,0.0661196984505948,0.05289575876047584,0.06195393441186587,0.06557499234195165,0.06946637,0.06689196870973083
2024-04-20,0.0232282082277219,0.01858256658217752,0.028401278690049492,0.024205403636796602,0.022577843,0.0230875606057688
2024-04-21,0.0158704387025545,0.012696350962043601,0.026333530665788127,0.01795254658682536,0.023443265,0.017893131859720544
2024-04-22,0.023381107128827,0.0187048857030616,0.03752414634014866,0.02625963908962995,0.041397396,0.026083064351712246
2024-04-23,0.0145937271295553,0.011674981703644241,0.021744223467173387,0.016007367645481243,0.019070242,0.015303839835932101
2024-04-24,0.0315919494231049,0.02527355953848392,0.028884614148227846,0.031126907927897407,0.034857444,0.032466312793851204
2024-04-25,0.0275750362113706,0.02206002896909648,0.023595709699264965,0.026801014690125496,0.023309564,0.02687155664225155
2024-04-26,0.0152531944602383,0.01220255556819064,0.020873800681274486,0.016298668082580244,0.01733136,0.015476363499882049
2024-04-27,0.016888937906394,0.013511150325115202,0.01888372343647011,0.017149812621545375,0.015845895,0.016304942494656322
2024-04-28,0.0173496557409068,0.013879724592725441,0.019012243668375638,0.01772893563890131,0.015140429,0.01669091270380716
2024-04-29,0.0266617618038074,0.021329409443045923,0.023825279626362675,0.026142124555916434,0.024264637,0.02671656664481289
2024-04-30,0.0546712572700184,0.043737005816014723,0.04279034347267657,0.05212186363129051,0.045592993,0.05226835925242515
2024-05-01,0.0457296826127645,0.0365837460902116,0.04966826917320866,0.04661818495339427,0.04704931,0.046400384284236165
2024-05-02,0.0320971236270564,0.02567769890164512,0.029040992619156093,0.03133280832140513,0.029914446,0.03117176914101022
2024-05-03,0.0349985397900931,0.02799883183207448,0.04242232775092918,0.03646267879157064,0.038841408,0.035865428635143595
2024-05-04,0.0199212141110027,0.01593697128880216,0.0240056212151298,0.020728539712639767,0.02273229,0.019379978646220698
2024-05-05,0.0202025027611101,0.01616200220888808,0.022596177458328048,0.020716631963073905,0.022838296,0.020054890989571358
2024-05-06,0.0297631063063891,0.023810485045111282,0.03076304514598137,0.02991189708695028,0.03376115,0.02990401922041784
2024-05-07,0.022602571707061,0.018082057365648798,0.021908781174434937,0.022489862234099406,0.022732073,0.022689415381722502
2024-05-08,0.0215752609336725,0.017260208746938,0.024084116729971607,0.022120319804420176,0.023785308,0.02205116071045209
2024-05-09,0.0257751997834513,0.02062015982676104,0.027876610830242145,0.026111268038460096,0.029620769,0.026193333811646256
2024-05-10,0.0298113824709797,0.02384910597678376,0.029398076057423443,0.029732527179934055,0.03220375,0.03027895237531615
2024-05-11,0.0119125592561917,0.00953004740495336,0.015869713093760566,0.012748062374618226,0.011416057,0.011484085566737771
2024-05-12,0.0131522649205394,0.010521811936431522,0.019000876885054377,0.014261049508083594,0.01443594,0.012954396233343476
2024-05-13,0.02710003496146,0.021680027969168,0.025932620287723727,0.0268888738181925,0.028410336,0.027192758653299384
2024-05-14,0.0179045407361403,0.014323632588912241,0.023069534713442138,0.019050422603462076,0.02046512,0.01842923311733126
2024-05-15,0.0345214044394465,0.0276171235515572,0.03906157194459388,0.03549826693331732,0.03796381,0.03541972219560517
2024-05-16,0.0212403665923768,0.016992293273901442,0.022803549885796554,0.021544152905331182,0.020338016,0.020595737475773195
2024-05-17,0.018527136297175,0.014821709037740001,0.024257337248120757,0.019624144893006578,0.02257539,0.019515164566207895
2024-05-18,0.0083826756223516,0.006706140497881281,0.015764426927496186,0.009868801458864892,0.009287744,0.0083305789438964
2024-05-19,0.0185735420690835,0.014858833655266801,0.021466888670486028,0.01917602440699905,0.016714243,0.018435024797468225
2024-05-20,0.0310836236091782,0.02486689888734256,0.04153651913064352,0.03321383046639523,0.039131876,0.03354230184901391
2024-05-21,0.0258159511168946,0.02065276089351568,0.025312773156942418,0.025666619481918583,0.030476158,0.025870482113621567
2024-05-22,0.0162825551258023,0.01302604410064184,0.02134296362550895,0.017146314648712763,0.015873916,0.016340274924531217
2024-05-23,0.0377104401552678,0.030168352124214246,0.03495365656998654,0.03713350431691598,0.0377671,0.037217243515819384
2024-05-24,0.0270782608498871,0.021662608679909684,0.02428899308417704,0.026566090975504827,0.024185631,0.02600851883791802
2024-05-25,0.0091972998322273,0.00735783986578184,0.017474702744428697,0.01080003656560325,0.011858326,0.01019943472760218
2024-05-26,0.0129281191209021,0.01034249529672168,0.021805617997797254,0.014619667694128249,0.014650316,0.013464864124183877
2024-05-27,0.0233598526349609,0.01868788210796872,0.02642212537916961,0.02388780827018021,0.023750432,0.0237494019058601
2024-05-28,0.0220019189513818,0.01760153516110544,0.02457981650039189,0.02243751587147564,0.023428578,0.022651155916122243
2024-05-29,0.0175477795641038,0.014038223651283042,0.021303239074089673,0.018236290316131623,0.01719834,0.017255632550500888
2024-05-30,0.0237070744478368,0.01896565955826944,0.023720808691897903,0.023648768714684736,0.028034594,0.024585108167919575
2024-05-31,0.023600202902595,0.018880162322076,0.025963816994454894,0.023979228642258748,0.024473395,0.023760336385222115
2024-06-01,0.0044656036958186,0.0035724829566548804,0.009673479641987108,0.0055644949234685236,0.0054795775,0.005058545843779598
2024-06-02,0.0125310181176117,0.01002481449408936,0.02205623346224316,0.014407882411638805,0.014985163,0.012909350311518783
2024-06-03,0.0257431419247292,0.020594513539783362,0.02550867166011924,0.025586289331904835,0.026429752,0.02545266182403982
2024-06-04,0.020041554164028,0.0160332433312224,0.02497193301983349,0.021028577165448717,0.026529256,0.02078607952138649
2024-06-05,0.0127258055246947,0.01018064441975576,0.02165110198221509,0.014564602709893605,0.014540206,0.013045471123199884
2024-06-06,0.0155462567262973,0.012437005381037841,0.021549604447657047,0.016671392656493443,0.015226706,0.015549617207547078
2024-06-07,0.0336827640191923,0.02694621121535384,0.02820723086978142,0.0327591539871941,0.03702137,0.03418435014808857
2024-06-08,0.0042021095982303,0.0033616876785842404,0.00830500768054749,0.005013663841673159,0.005206818,0.004713207166382454
2024-06-09,0.0067514049444417,0.00540112395555336,0.016870361828045567,0.008664837262722071,0.009532522,0.0068802213647272065
2024-06-10,0.0103424858609389,0.00827398868875112,0.020698277061993717,0.012426090527393973,0.012840642,0.010584883351265449
2024-06-11,0.0308757822846433,0.02470062582771464,0.02848361963156562,0.030386722121409995,0.03193042,0.031269339407041505
2024-06-12,0.0307574054008877,0.02460592432071016,0.026386105772574133,0.029946661255742538,0.03197364,0.030771924239886263
2024-06-13,0.0185473986695926,0.01483791893567408,0.024059294253395983,0.01976288799373442,0.021639615,0.019597573804068215
2024-06-14,0.0235076195640381,0.01880609565123048,0.025441657432336465,0.023864427477512266,0.024341825,0.02390113561122742
2024-06-15,0.0064107213298646,0.005128577063891681,0.012127457934059938,0.007525921467698912,0.004626462,0.006290693014029057
2024-06-16,0.0093519800009515,0.0074815840007612005,0.019399063551547312,0.011311104748331519,0.010102836,0.009512730316618968
2024-06-17,0.0231068526863148,0.01848548214905184,0.024899180235879195,0.023412209039349565,0.02315405,0.02331630589463037
2024-06-18,0.024325595390592,0.019460476312473603,0.027431073562688604,0.024971973204248765,0.029196065,0.02565581009878237
2024-06-19,0.011352338803,0.0090818710424,0.01955065759415981,0.012982461978425536,0.010677271,0.011291591477020977
2024-06-20,0.020739080978798,0.016591264783038403,0.024879503415965502,0.021372526527492886,0.021960132,0.021283416925563122
2024-06-21,0.0172097855364024,0.013767828429121921,0.023913413305729908,0.018444264931852836,0.02017614,0.017492252830420087
2024-06-22,0.0065369615055926,0.00522956920447408,0.011588465712366335,0.007527575260098154,0.004026486,0.00623288650656699
2024-06-23,0.0107645873846934,0.00861166990775472,0.021990628473156946,0.012857010337058009,0.013330161,0.011179474791920245
2024-06-24,0.0497010978965548,0.03976087831724384,0.041662881226306896,0.048318279650964566,0.050271768,0.04868235439825752
2024-06-25,0.019612468514481,0.0156899748115848,0.030260302634078872,0.021808492645354192,0.028329113,0.021002907001138778
2024-06-26,0.0180182582732626,0.01441460661861008,0.02304969503519199,0.018998586399809024,0.017102739,0.018465157135304864
2024-06-27,0.018636738622864,0.0149093908982912,0.02211311872278235,0.019362633716724635,0.020525536,0.019622914565596908
2024-06-28,0.0213559967470985,0.017084797397678802,0.029423706384997805,0.022867573587020525,0.025242308,0.02272269690451593
2024-06-29,0.0079212173976236,0.006336973918098881,0.017320533497349494,0.009824422803177508,0.010172252,0.008500528692696168
2024-06-30,0.0199358726694177,0.01594869813553416,0.02461750391635107,0.020891367423667796,0.02251883,0.020995046688685053
2024-07-01,0.0152202418197217,0.01217619345577736,0.022433359049917733,0.016648163309771185,0.020110331,0.015978607973627046
2024-07-02,0.0149387278163328,0.01195098225306624,0.020656996731544867,0.016049500547850412,0.0133056035,0.015024017526767193
2024-07-03,0.0272396579266222,0.02179172634129776,0.0290666286684201,0.027508425248220895,0.033981077,0.028684007925739424
2024-07-04,0.0300000515848171,0.024000041267853683,0.03865927432511645,0.03188643963083947,0.039266296,0.03199537199644417
2024-07-05,0.0515307268238846,0.04122458145910768,0.048938151581103304,0.05102034831158454,0.047132567,0.050558123075905126
2024-07-06,0.0249188756598539,0.019935100527883123,0.03397548426002012,0.0266169348322321,0.021089321,0.024988094533265184
2024-07-07,0.0217137707860875,0.01737101662887,0.036350230896622746,0.024553592957898773,0.0258112,0.023540207259186735
2024-07-08,0.0491077143391538,0.039286171471323045,0.05397680368364814,0.04997785408972149,0.05099039,0.05129853395148662
2024-07-09,0.0201046166096006,0.016083693287680483,0.0292190601381172,0.0218385078009177,0.025586827,0.02076620298192892
2024-07-10,0.0278244187177731,0.02225953497421848,0.0272946005554094,0.027725632380488637,0.02993017,0.02840064436626541
2024-07-11,0.0312359155356306,0.02498873242850448,0.033684957368916864,0.03177005398974169,0.03529006,0.03167310835535671
2024-07-12,0.023658001460259,0.0189264011682072,0.025647837394759003,0.02422076519338199,0.028799148,0.023695201158622774
2024-07-13,0.0209504491180463,0.016760359294437043,0.024199213775107968,0.021509108106037775,0.023020355,0.02097390616285073
2024-07-14,0.0202274155703893,0.01618193245631144,0.027448652656124447,0.021676671263536878,0.031229679,0.021271804507341837
2024-07-15,0.028294528587333,0.022635622869866402,0.0347134045114727,0.029583887365226307,0.031592794,0.0302292643931382
2024-07-16,0.033246692278908,0.026597353823126405,0.02690431741717552,0.03198148678427886,0.031818286,0.033355661861241906
2024-07-17,0.0229759820499594,0.01838078563996752,0.023276829658506228,0.022968936887042733,0.023766244,0.02298256643080314
2024-07-18,0.0208532816369434,0.016682625309554718,0.02099245633507225,0.020818922529857696,0.018302325,0.020527591490177296
2024-07-19,0.0361825136739513,0.02894601093916104,0.03305952032048334,0.03543213107677401,0.032542996,0.037492129563669416
2024-07-20,0.0138364851503675,0.011069188120294001,0.017604391003853293,0.014537475533839857,0.01422141,0.013819251900989201
2024-07-21,0.0256284886206004,0.02050279089648032,0.0259720925672413,0.0257613691576462,0.026132321,0.02585525167572999
2024-07-22,0.019195066474711,0.0153560531797688,0.024675688369851095,0.02027043459398806,0.020238837,0.019419864798603532
2024-07-23,0.0195112227899847,0.015608978231987761,0.024764690571249713,0.02058719513154184,0.021966051,0.02007384855075817
2024-07-24,0.020628116007735,0.016502492806188,0.021227124575153317,0.02056528814439696,0.01575114,0.019724786259479057
2024-07-25,0.0293915200533982,0.02351321604271856,0.027137226473610044,0.02868402975510359,0.024708824,0.02845301291143027
2024-07-26,0.0173321313888883,0.01386570511111064,0.02529830612136723,0.018856889921006745,0.01819946,0.017272460504481627
2024-07-27,0.0285893190563962,0.02287145524511696,0.026288570241977043,0.028143664052752804,0.02629415,0.027487417750457536
2024-07-28,0.0126718588463838,0.01013748707710704,0.01641655948080855,0.013382077841805184,0.009407884,0.012421426004682986
2024-07-29,0.0353580312793156,0.028286425023452483,0.027765104063599663,0.03397722552329605,0.035357334,0.035145611594543893
2024-07-30,0.0172654847196188,0.01381238777569504,0.02029236477225411,0.01788391526522243,0.014300123,0.0174348840434757
2024-07-31,0.0200905049204187,0.016072403936334963,0.025205474222303084,0.021196384174699236,0.025487259,0.02079201286534321
2024-08-01,0.0364630325207407,0.02917042601659256,0.03260743988070772,0.035772686193862625,0.03668049,0.036557386105799256
2024-08-02,0.0307209486259336,0.024576758900746884,0.04216398715074084,0.03320946354104982,0.036065202,0.03198551519782859
2024-08-03,0.0259664740160684,0.020773179212854723,0.02492754850301687,0.025721869619756466,0.029133147,0.02616547033031426
2024-08-04,0.0397559399263882,0.031804751941110564,0.04179381486664661,0.0401797732660069,0.041563015,0.04078197606011815
2024-08-05,0.1140529495611459,0.09124235964891672,0.1168278873645273,0.11504154280298061,0.09424802,0.11209519549784422
2024-08-06,0.0322454933036756,0.02579639464294048,0.04550245759550468,0.03474008067190309,0.039456032,0.03372974026625486
2024-08-07,0.0387755030026733,0.031020402402138644,0.04461255215041189,0.03977556703667483,0.041611962,0.03874362256050699
2024-08-08,0.0668432637182162,0.053474610974572956,0.08052393551645742,0.0693803432088002,0.055843193,0.06732326403775102
2024-08-09,0.0242870094713604,0.019429607577088323,0.03706516602424003,0.026800630292455434,0.029688599,0.025361299775007215
2024-08-10,0.0142489879055734,0.01139919032445872,0.024726984607424923,0.016532875761546842,0.020953853,0.015122963964107873
2024-08-11,0.0352182526825985,0.0281746021460788,0.046681446750073435,0.0374705231310726,0.0434734,0.03687732918076679
2024-08-12,0.0360658467216624,0.028852677377329924,0.04757865408449371,0.038202555208279594,0.04088203,0.037352343494461634
2024-08-13,0.0352865260667658,0.028229220853412642,0.03094569387825431,0.03414867160672464,0.027600735,0.034213750240618485
2024-08-14,0.0342833302347237,0.027426664187778962,0.0358456860061748,0.034831492457919416,0.033148423,0.034581325418521894
2024-08-15,0.0443653770334991,0.035492301626799276,0.04553864917075167,0.044330501783090864,0.04182328,0.044193679175076654
2024-08-16,0.0296547618513861,0.02372380948110888,0.029714288406247742,0.029615155010729026,0.028757306,0.02934310488819549
2024-08-17,0.008787812463119,0.0070302499704952,0.019383348381161764,0.010864576747659737,0.01691617,0.009399270803197718
2024-08-18,0.0193333378655696,0.015466670292455681,0.024935977109737276,0.020620038588942617,0.01898459,0.020000064066637284
2024-08-19,0.0192987935099813,0.015439034807985039,0.02558556246511551,0.020568343299370816,0.021279765,0.019675658452813834
2024-08-20,0.0333326331143794,0.026666106491503524,0.025925508078218567,0.031661696868260536,0.028606035,0.03208483925384026
2024-08-21,0.0278924693253266,0.02231397546026128,0.0262900769760621,0.02758089999833209,0.027771797,0.027508359599292452
2024-08-22,0.0178575797173779,0.014286063773902319,0.021145164937921977,0.0185679865531641,0.019349994,0.018182963760914467
2024-08-23,0.0370695701312629,0.029655656105010322,0.03384300857622018,0.03643878377199713,0.03460596,0.03534822564396124
2024-08-24,0.0105798004679394,0.00846384037435152,0.017351456782903,0.011816772512250715,0.011125792,0.010015331349895377
2024-08-25,0.013458790819499,0.010767032655599201,0.017150178333490907,0.01418178892793846,0.013026002,0.01291652096686014
2024-08-26,0.0128452686911484,0.010276214952918722,0.023834169452693663,0.01504719583836231,0.01733027,0.014054767589422895
2024-08-27,0.0494255799087329,0.03954046392698632,0.03314643958789168,0.0462701351000787,0.04049117,0.04616714255769597
2024-08-28,0.0281636692216769,0.02253093537734152,0.026825099993997202,0.027998476011552337,0.031313315,0.027920564774882806
2024-08-29,0.0287517845613171,0.02300142764905368,0.02419561579514569,0.0278689550005456,0.024559554,0.02789062250265752
2024-08-30,0.0268530740461139,0.02148245923689112,0.02929210617752063,0.027487208055525895,0.030615557,0.027353510228009074
2024-08-31,0.0084484987311776,0.00675879898494208,0.014741400347638225,0.00964074689709841,0.0066027166,0.007886944012847782
2024-09-01,0.0141726443746234,0.011338115499698721,0.023095670004767036,0.015927814770049092,0.022872902,0.015972508413129652
2024-09-02,0.0198881599829272,0.015910527986341762,0.025332288467634637,0.021023241153627706,0.025575887,0.020759527888947773
2024-09-03,0.0229689330427407,0.018375146434192562,0.02574348175268705,0.02350046666606564,0.02584629,0.022989755262170935
2024-09-04,0.0357284493184981,0.02858275945479848,0.030534452945907044,0.03446132051516286,0.034495614,0.03646754312510468
2024-09-05,0.0269950547137752,0.02159604377102016,0.031118619694735405,0.02786332320157698,0.03050919,0.027085205940417037
2024-09-06,0.0518548050149791,0.04148384401198328,0.050003228385911605,0.05151365519843519,0.049722776,0.052644454255661374
2024-09-07,0.0142025500973534,0.01136204007788272,0.019518896196004512,0.015218601983332549,0.01537882,0.015402917878317548
2024-09-08,0.0203812859322422,0.01630502874579376,0.026215557095605867,0.021517251820206425,0.020349778,0.020733495993428885
2024-09-09,0.0366646144484958,0.02933169155879664,0.041239366381396456,0.03729589375964535,0.037203148,0.0368588180237894
2024-09-10,0.0194538658131061,0.015563092650484882,0.024284935555726382,0.020367723737929062,0.018309323,0.020034213540714822
2024-09-11,0.0301851367197925,0.024148109375834004,0.03364330384177391,0.030967092717402743,0.032041527,0.03064323962420179
2024-09-12,0.0128346488627785,0.010267719090222801,0.02313163508365552,0.014880557024219511,0.018287556,0.014698153756796803
2024-09-13,0.025816402997886,0.020653122398308802,0.02684649208079533,0.02617656522438857,0.029164845,0.025993411257169533
2024-09-14,0.0132792403816071,0.010623392305285681,0.016810316691035592,0.013906574000661637,0.013156586,0.013019183772564877
2024-09-15,0.0181432852973135,0.0145146282378508,0.022418690663480158,0.018977034341879535,0.019270524,0.01879931604377164
2024-09-16,0.0184012371695706,0.014720989735656482,0.025028643770512345,0.019661015553292426,0.023586413,0.01914141780682753
2024-09-17,0.0382406523100309,0.030592521848024717,0.032053588604737275,0.03700181319074263,0.036256306,0.0371006216945666
2024-09-18,0.0267515090604473,0.02140120724835784,0.03252884179817,0.027963663396043205,0.03567647,0.027481815131990023
2024-09-19,0.0230162173028948,0.01841297384231584,0.025135486555916926,0.023319360315414716,0.026621092,0.02370476454376476
2024-09-20,0.0197841552790235,0.0158273242232188,0.019810893763596987,0.01984103851415623,0.0195347,0.019810082372723463
2024-09-21,0.0088595931546703,0.0070876745237362405,0.013121264374492953,0.0097859832185334,0.009347725,0.008262953437897267
2024-09-22,0.0182409898286105,0.0145927918628884,0.022465237774823836,0.019174268624400123,0.019540852,0.01857956308136708
2024-09-23,0.0244133353179136,0.01953066825433088,0.02394593173450451,0.02429340079022941,0.0243044,0.024577606334671504
2024-09-24,0.0201585339869487,0.01612682718955896,0.02295038042689509,0.020682122941600337,0.01913533,0.020198338517779326
2024-09-25,0.0176492499123656,0.01411939992989248,0.022432983270669605,0.018485263193372424,0.017102294,0.018070261678200424
2024-09-26,0.0288620013420379,0.023089601073630322,0.02926600519801592,0.028879674428833237,0.03248422,0.030068439778156746
2024-09-27,0.0171647773490848,0.013731821879267839,0.021653291339785136,0.01803534110855317,0.018136837,0.017547479338467266
2024-09-28,0.0089589247629669,0.00716713981037352,0.015664448388184437,0.01027988839539892,0.007839163,0.008940178107333815
2024-09-29,0.0064900977673958,0.005192078213916641,0.014540131235020728,0.008103755769105245,0.007853656,0.006766845036075931
2024-09-30,0.0210718067555536,0.01685744540444288,0.026427962363796884,0.022038391226144857,0.026312267,0.021896136623385284
2024-10-01,0.0374217123274425,0.029937369861954,0.03667975632497601,0.03731410215254449,0.036795884,0.037129834872984435
2024-10-02,0.0275774507457488,0.02206196059659904,0.023107196509892583,0.026765875569918565,0.02399133,0.026647682126619276
2024-10-03,0.0191974591743528,0.015357967339482241,0.02112610791647208,0.019669020992899116,0.02137123,0.01978498638051384
2024-10-04,0.0189894510449506,0.015191560835960481,0.02452861507900988,0.02007005977669174,0.021018952,0.019574349505278442
2024-10-05,0.0077614604559282,0.00620916836474256,0.012886517028116844,0.008783764904914742,0.004862448,0.00716048369927497
2024-10-06,0.0109618942319658,0.00876951538557264,0.02078403267142458,0.012955617604818436,0.0133779645,0.011641315832455484
2024-10-07,0.0255780145513737,0.020462411641098962,0.02578876758178399,0.02555032504430145,0.026666876,0.025970000027634606
2024-10-08,0.0151368274282383,0.01210946194259064,0.020723242512935842,0.016321450041363945,0.015342101,0.015012265885151789
2024-10-09,0.0207025230616329,0.016562018449306323,0.024122796275709055,0.021373956804398908,0.025864929,0.021180565374791457
2024-10-10,0.0277572113614936,0.02220576908919488,0.02777434206246661,0.02783539122766796,0.0310116,0.028351142541649686
2024-10-11,0.0308694995089518,0.02469559960716144,0.033577008174502765,0.03148635502405093,0.037109677,0.0317089317058839
2024-10-12,0.0089919676223034,0.00719357409784272,0.018104164678032487,0.010763458130208122,0.011386575,0.00971789809213653
2024-10-13,0.0135438178043464,0.01083505424347712,0.019913876570852695,0.014854552102582741,0.012889627,0.013714316912489071
2024-10-14,0.0317189245714039,0.02537513965712312,0.03491141919774854,0.03244565098658561,0.036445513,0.03240711776511196
2024-10-15,0.0322659347281015,0.025812747782481202,0.03589897275057277,0.03274675137823346,0.036676005,0.03254226305187989
2024-10-16,0.0167690185911243,0.01341521487289944,0.021750194951213955,0.017828523374664552,0.020789936,0.01685760033966878
2024-10-17,0.0132542050284841,0.010603364022787281,0.019681878559115636,0.014602370988323645,0.016712466,0.01388331798497922
2024-10-18,0.016358376001926,0.013086700801540799,0.022369002939004637,0.01763778288659055,0.020543598,0.016954024777550883
2024-10-19,0.0070538659700502,0.005643092776040161,0.013153694324670919,0.008263884165706475,0.0079785185,0.007072798074545884
2024-10-20,0.0119910227769183,0.00959281822153464,0.02055700950181833,0.013762000941879876,0.015923087,0.012960893925736697
2024-10-21,0.0233398245869987,0.018671859669598962,0.025416189101583622,0.023718549967173874,0.029717457,0.024183947275492574
2024-10-22,0.0132986892008084,0.010638951360646721,0.019029815254532744,0.014533450973708055,0.0144832395,0.01341360974072301
2024-10-23,0.0225094845997024,0.01800758767976192,0.02343481397484216,0.022567910609129837,0.02221583,0.02218286743490723
2024-10-24,0.0199758316495331,0.01598066531962648,0.023727604398103844,0.020762437580071732,0.02169294,0.02024713133371368
2024-10-25,0.030433155111955,0.024346524089564003,0.032420521326534585,0.03083181256621687,0.03573389,0.03181160910426489
2024-10-26,0.0100710324875805,0.0080568259900644,0.018044881910199897,0.011586756790820808,0.011372108,0.010562535407228726
2024-10-27,0.0121214353947618,0.00969714831580944,0.020143224116777665,0.013774492529742353,0.012301905,0.012353643048755598
2024-10-28,0.0208412022663889,0.01667296181311112,0.025447337875905522,0.0216765284134205,0.027551847,0.02214258762886029
2024-10-29,0.0294306987832753,0.02354455902662024,0.03582425881579061,0.030836590703370276,0.033166856,0.031102953715733142
2024-10-30,0.0145544243571888,0.01164353948575104,0.021002938697312557,0.015852254836560675,0.01736802,0.015449144016249425
2024-10-31,0.0240103590473692,0.01920828723789536,0.03101344869442824,0.025514017628098913,0.028699605,0.025808255537165037
2024-11-01,0.0274271161752387,0.021941692940190962,0.03144272554960146,0.028178617686414126,0.034969717,0.02841402627457731
2024-11-02,0.0092439096284052,0.00739512770272416,0.015499300108002077,0.010471957293660768,0.007940443,0.009125535523738683
2024-11-03,0.0190112984591057,0.015209038767284562,0.02652335728685932,0.02025821658731563,0.024378596,0.02040866951203983
2024-11-04,0.026332882373973,0.021066305899178402,0.026038883963300882,0.026335506402851365,0.026857786,0.02658046662912311
2024-11-05,0.02862710580936,0.022901684647488,0.030998050591001212,0.029178724979632677,0.03405371,0.029322968931930662
2024-11-06,0.043919923226604,0.0351359385812832,0.05033697158870146,0.04515603254877907,0.053875446,0.0462549876237465
2024-11-07,0.022636450049186,0.0181091600393488,0.021018788639809275,0.022340803170041425,0.017325815,0.020943651471061905
2024-11-08,0.0142712383078453,0.011416990646276241,0.021603978365091345,0.015663909648400812,0.016493537,0.015350836199823385
2024-11-09,0.0108996500342565,0.008719720027405202,0.015138900096994723,0.01166964433737259,0.007952949,0.010633034246969401
2024-11-10,0.03400463327445,0.027203706619559998,0.029911143248018756,0.03303051950012919,0.034042593,0.034029179779111615
2024-11-11,0.0481853755034891,0.03854830040279128,0.05117421294761814,0.048729029860838866,0.055725843,0.048563902626366395
2024-11-12,0.0390406642249087,0.03123253137992696,0.047107254180620714,0.0406641059300942,0.049941238,0.04183493574338035
2024-11-13,0.0537039160420593,0.042963132833647444,0.05843868965980244,0.0545264704817654,0.058326498,0.05650486574839325
2024-11-14,0.0345418256232594,0.027633460498607522,0.041706096713540086,0.03598807184582066,0.043732703,0.037179326898610955
2024-11-15,0.0275425390561014,0.02203403124488112,0.04087434656319137,0.03013820122986585,0.034132466,0.029456630720711915
2024-11-16,0.013053854768481,0.010443083814784801,0.02146699105745793,0.01479640127912673,0.015425487,0.013855360786870038
2024-11-17,0.0208121127865175,0.016649690229214,0.02710371283347243,0.022183886103630403,0.026439257,0.021053860202199983
2024-11-18,0.0246508748244732,0.019720699859578562,0.030556037011437245,0.025778631643402553,0.030668352,0.027100432419944954
2024-11-19,0.0241694947899168,0.01933559583193344,0.02593832080177561,0.02438000553960248,0.027299047,0.024700586159440697
2024-11-20,0.0215966015899368,0.01727728127194944,0.02567762323647137,0.0223052950639815,0.029264126,0.02291800175486508
2024-11-21,0.0252559918919476,0.020204793513558084,0.03180955648321318,0.026571024649001296,0.035917208,0.027448937614253932
2024-11-22,0.0173548327973663,0.01388386623789304,0.019929604879797353,0.01792202882784641,0.019067107,0.01769396975491875
2024-11-23,0.0102018462554495,0.008161477004359602,0.01939897185938978,0.012005872852022323,0.013375803,0.010993564226846336
2024-11-24,0.0205432622972413,0.016434609837793043,0.0218195562012977,0.020877153249025143,0.022417068,0.02123784780871146
2024-11-25,0.0336608148763715,0.0269286519010972,0.03172199744027839,0.03322791758506127,0.035043865,0.03394051018184533
2024-11-26,0.0310609957730744,0.024848796618459523,0.025190717274684762,0.029972921562070164,0.03160214,0.031057786853341162
2024-11-27,0.0312668605388668,0.02501348843109344,0.031903912466941436,0.03141482601398788,0.030883633,0.031791574035403475
2024-11-28,0.0141598184223428,0.011327854737874241,0.019666604791259076,0.01532664377949535,0.0133912,0.013914124721896024
2024-11-29,0.0206531790545389,0.01652254324363112,0.024807923687142127,0.02139475113213756,0.020222059,0.0212643181155765
2024-11-30,0.007415172796615,0.005932138237292,0.01833828144127867,0.009532167403888533,0.01048117,0.008463717700103351
2024-12-01,0.0148373842294303,0.01186990738354424,0.022357911800758756,0.016232597747762055,0.013567837,0.015395146333349739
2024-12-02,0.0260372830598872,0.02082982644790976,0.025229609548846853,0.02575869355971704,0.031521697,0.026854544732516694
2024-12-03,0.0203140376609264,0.01625123012874112,0.022822594104614468,0.020697727993258745,0.021175839,0.01992915382671938
2024-12-04,0.0270723893721203,0.02165791149769624,0.028182136540014665,0.027310459789096898,0.03216049,0.028060088302536805
2024-12-05,0.0983627786300512,0.07869022290404097,0.09298819020320838,0.0977852333860029,0.08526642,0.09692718784506575
2024-12-06,0.0384363790380737,0.030749103230458957,0.046306636765489954,0.039828704745092945,0.041249212,0.04189808404914783
2024-12-07,0.0113061952471376,0.00904495619771008,0.023254299700672627,0.01369341793407951,0.013515941,0.011987553924070044
2024-12-08,0.0173274359322582,0.013861948745806561,0.030171994261832494,0.01992187844169587,0.023986101,0.018421854945381032
2024-12-09,0.0451824281931809,0.03614594255454472,0.05516928710846088,0.04716229127314926,0.048299283,0.04862136141277484
2024-12-10,0.0291578584457445,0.0233262867565956,0.030793110974085484,0.02934795277573839,0.035907764,0.03133966465403699
2024-12-11,0.0343249973714846,0.027459997897187685,0.03576728838978907,0.03443748278827794,0.040323168,0.03548742386434457
2024-12-12,0.0215339256154717,0.01722714049237736,0.029957049580897527,0.02318460677294342,0.02980617,0.02317274106162556
2024-12-13,0.0167683930643307,0.013414714451464561,0.02727216078903893,0.018778097270987157,0.023347298,0.018321594189437775
2024-12-14,0.0141982217662899,0.011358577413031921,0.019220163315019544,0.015169185576310477,0.020723643,0.015155743695343003
2024-12-15,0.020438411383134,0.0163507291065072,0.025229309170923343,0.021456219743527936,0.028519949,0.021593301738194126
2024-12-16,0.028357491207892,0.0226859929663136,0.025455248475868573,0.027758233349279713,0.031951785,0.029115581388492823
2024-12-17,0.0200606999844674,0.016048559987573922,0.020680830470892024,0.020171832587619135,0.019176124,0.019985219997941554
2024-12-18,0.026849365446247,0.0214794923569976,0.034653973132725106,0.028429826447029245,0.034937296,0.02730893604643332
2024-12-19,0.0475771993992375,0.038061759519390004,0.03998445427160609,0.04622405970212243,0.041953802,0.04781194877903833
2024-12-20,0.0445146817557014,0.03561174540456112,0.04192159363759121,0.04395107118476469,0.055845384,0.046763223099072534
2024-12-21,0.0224441336271275,0.017955306901702002,0.025022991608928923,0.02283985491707501,0.018593255,0.022164812761464432
2024-12-22,0.0192786790195546,0.015422943215643681,0.030856074243940403,0.021596238918079446,0.025758984,0.020457815080707587
2024-12-23,0.0300010172945058,0.02400081383560464,0.036450048770789896,0.03136398911863414,0.03543658,0.031940767192585914
2024-12-24,0.0359299054276996,0.028743924342159683,0.03627504029447162,0.036106977579422966,0.034811776,0.03730390477186864
2024-12-25,0.0130343272257768,0.010427461780621441,0.01987320080650449,0.014308434105899197,0.020387564,0.013674339821575912
2024-12-26,0.0256078448749946,0.02048627589999568,0.028636040062958775,0.026288343192199325,0.03089739,0.02629427914677989
2024-12-27,0.0283091420717657,0.02264731365741256,0.03000969405283205,0.02860011543215303,0.032460637,0.02906344586537245
2024-12-28,0.0099330395532501,0.00794643164260008,0.018487108783672945,0.011632669012673975,0.009954707,0.009717135812357744
2024-12-29,0.0141685106039371,0.011334808483149682,0.023288332519626732,0.015864758892225432,0.019327378,0.015491790078010235
2024-12-30,0.0257290584465624,0.020583246757249922,0.02595492027444422,0.025659464509579254,0.02628788,0.02650360010282287
2024-12-31,0.0312394390098085,0.0249915512078468,0.02144464472013124,0.029208832896648277,0.025855565,0.02936240916932265
2025-01-01,0.0156430658514456,0.01251445268115648,0.021475899216938023,0.01652227280861129,0.012769356,0.015856318406971777
2025-01-02,0.0200570504539063,0.01604564036312504,0.026427882259397375,0.0212873481479412,0.028500551,0.022195558204082682
2025-01-03,0.0194331754698111,0.01554654037584888,0.0213908909758679,0.019840269696707553,0.018949602,0.019792547095616928
2025-01-04,0.0090994190832042,0.00727953526656336,0.017333188934379785,0.010719623903179718,0.0069433013,0.009582075965583388
2025-01-05,0.0112136847765948,0.00897094782127584,0.021445042714013773,0.013219056280691492,0.011778597,0.010752704578103076
2025-01-06,0.0214489786629284,0.01715918293034272,0.026885936875073967,0.022426345432557268,0.02553412,0.02262733679076271
2025-01-07,0.0328452379018956,0.02627619032151648,0.03206313396992093,0.03286303551695862,0.038958855,0.03405667098573992
2025-01-08,0.03335574901364,0.026684599210912003,0.028468701632053634,0.03231380644414343,0.036866173,0.03340067177026869
2025-01-09,0.0269675661370619,0.02157405290964952,0.03316376735492327,0.028367922713149883,0.034276053,0.028186935859061388
2025-01-10,0.0231800706619877,0.018544056529590163,0.031151434616216403,0.024715436634045837,0.025623556,0.024762219826170478
2025-01-11,0.0090910400688528,0.007272832055082241,0.01590299727777575,0.010520894824163353,0.010916257,0.009003989823599973
2025-01-12,0.0129958467428749,0.01039667739429992,0.021451938070082496,0.014538096225572039,0.012215503,0.012996374255879935
2025-01-13,0.0510577567638728,0.04084620541109824,0.0377344113759473,0.048377915562901705,0.04959246,0.05028872015102887
2025-01-14,0.0180125046658982,0.01441000373271856,0.026103334283928577,0.019697335345561874,0.024558237,0.018929188318379257
2025-01-15,0.0168255954282136,0.01346047634257088,0.029749949302032213,0.01941546921310669,0.028304657,0.01897089874370108
2025-01-16,0.0250017011699869,0.02000136093598952,0.02417869281205719,0.02475817891645977,0.023699068,0.025514911649647854
2025-01-17,0.0321179398890006,0.02569435191120048,0.040764027462879965,0.03379781998300914,0.038928833,0.035202731646253066
2025-01-18,0.0182796922692163,0.01462375381537304,0.021402416837209923,0.018910704118455596,0.021664131,0.018289170084004856
2025-01-19,0.0422081271619453,0.033766501729556246,0.040985240655775745,0.04204191878521982,0.05419448,0.043208653253682776
2025-01-20,0.0127111408563689,0.010168912685095122,0.019891861670375,0.014120871880271002,0.014147393,0.013254473083271434
2025-01-21,0.0427111847560038,0.03416894780480304,0.04481395486089978,0.04317007695313281,0.056660507,0.045013485793108134
2025-01-22,0.0146991296123816,0.011759303689905281,0.02658070472359496,0.017011737203213285,0.02113999,0.016535997570463295
2025-01-23,0.0379605360319803,0.030368428825584243,0.04302836845426958,0.038881062376224546,0.047848962,0.04175417326315958
2025-01-24,0.0288914628154333,0.023113170252346642,0.02135810565539961,0.027324306615310302,0.019595983,0.027576887593769677
2025-01-25,0.0079387758814589,0.00635102070516712,0.016228274893520092,0.009571870914061623,0.007225059,0.007968965853776698
2025-01-26,0.0157422321101585,0.0125937856881268,0.023322315310673827,0.017260605201366054,0.021233188,0.017887372910822152
2025-01-27,0.038436503706686,0.0307492029653488,0.02876848050238215,0.036362963140070946,0.038417384,0.038496745078414524
2025-01-28,0.024016264514728,0.0192130116117824,0.019272863773427414,0.023018675756590733,0.020590898,0.02343964263104686
2025-01-29,0.0187276276131595,0.0149821020905276,0.0262225702388162,0.020310834269457432,0.024121026,0.020342075383325404
2025-01-30,0.0206080064994461,0.01648640519955688,0.022367240402514414,0.020971168478253314,0.021972086,0.02115498044544392
2025-01-31,0.0270353745579494,0.02162829964635952,0.026852768647240562,0.027044921001334755,0.030655626,0.0270417364428757
2025-02-01,0.0094178958893898,0.007534316711511841,0.01724127588326818,0.010993120082799221,0.011849371,0.009909352491062513
2025-02-02,0.0108250590288949,0.00866004722311592,0.021508273584326325,0.013100476139494572,0.014410426,0.01217654175243771
2025-02-03,0.0444422588152943,0.035553807052235445,0.03402035627869557,0.04216783552947447,0.04077546,0.04354942555950149
2025-02-04,0.0331184197262124,0.02649473578096992,0.03995817885942468,0.03448024622275217,0.0522299,0.03617348607988721
2025-02-05,0.0203944456965757,0.016315556557260563,0.023062358912330064,0.02088386062349376,0.026670946,0.021251855378382017
2025-02-06,0.0249984254866262,0.01999874038930096,0.023840724324394123,0.024680125183433533,0.020120095,0.024667881879313368
2025-02-07,0.0326411417704134,0.02611291341633072,0.03582450920367491,0.03329801211077893,0.03683866,0.033944734634463694
2025-02-08,0.0087449891271373,0.006995991301709841,0.015562893313143191,0.010134539451898534,0.009330307,0.008214849243858884
2025-02-09,0.0192223492984012,0.01537787943872096,0.02320965108254804,0.019910987971806987,0.020252116,0.01879232941920342
2025-02-10,0.0216961605465008,0.01735692843720064,0.023703361035073846,0.022058741870650902,0.023109464,0.022190165705231284
2025-02-11,0.0040015429586302,0.00320123436690416,0.018959219153695847,0.006931954077918587,0.006114694,0.004278010784807763
2025-02-12,0.0097718257621371,0.00781746060970968,0.025212030140945613,0.012871937675915136,0.0256806,0.014071961784845054
2025-02-13,0.0027315714159519,0.00218525713276152,0.02225858363161171,0.0065566266068748415,0.0084106885,0.0040349302390966235
2025-02-14,0.0064858817486091,0.00518870539888728,0.02402996449041802,0.009845763814143437,0.014788932,0.008134170201793196
2025-02-15,0.0036412766850212,0.0029130213480169603,0.01892026884412326,0.0066698929206958964,0.005283518,0.0038423522893066236
2025-02-16,0.0077284779408085,0.0061827823526468,0.024070305799752115,0.010917101657148643,0.015837355,0.009321337566455814
2025-02-17,0.0078353392357872,0.006268271388629761,0.020153705884956498,0.010250867256869262,0.0106085995,0.008203201605150786
2025-02-18,0.0038509503426891,0.00308076027415128,0.020524495711852192,0.007022886025425721,0.007481206,0.004427249688723996
2025-02-19,0.0058675361104684,0.00469402888837472,0.0206313161248761,0.008798299186706205,0.010830885,0.007031317232653652
2025-02-20,0.0042766224143072,0.0034212979314457606,0.021070780026318375,0.007554121690834895,0.009927327,0.005807058356104417
2025-02-21,0.003027978239763,0.0024223825918104,0.02238181916350213,0.006729010316053817,0.016268626,0.005028640853759224
2025-02-22,0.0048022829723704,0.00384182637789632,0.022214070714579027,0.008232814139015129,0.020608984,0.008301565574941884
2025-02-23,0.0020147748844655,0.0016118199075724,0.006672311830058064,0.002922874321629188,0.00037123513,0.0020198166114429946
2025-02-24,0.0050572555035033,0.00404580440280264,0.0176365649768481,0.007647985145450188,0.012028764,0.006636438564409071
2025-02-25,0.0109172342613779,0.00873378740910232,0.03095965969399758,0.01490939348691617,0.030029032,0.015211859087532162
2025-02-26,0.04966620732817,0.039732965862536,0.08172007471698846,0.05614598168836382,0.062164627,0.053219706041895916
2025-02-27,0.0156808173466726,0.01254465387733808,0.03733187322676474,0.01987613100334217,0.034122217,0.018107234533598332
2025-02-28,0.028403593946847,0.022722875157477604,0.04320097210816036,0.031219762736399436,0.032932654,0.030330522840949045
2025-03-01,0.0066214914978846,0.0052971931983076806,0.025375065404840132,0.010373438197284536,0.0108097745,0.008372766326024461
2025-03-02,0.054000404609435,0.043200323687548,0.08647106859026608,0.06063500677417405,0.07172764,0.05785134747033771
2025-03-03,0.0479398508428031,0.03835188067424248,0.08279897429591289,0.055317438172656615,0.0827643,0.05296613770443152
2025-03-04,0.0615232049781494,0.049218563982519524,0.07907744810681519,0.06483834643474617,0.07167988,0.0650880361583561
2025-03-05,0.0300883630642224,0.024070690451377923,0.050273559430220945,0.03423442117338527,0.04145074,0.03424730996620089
2025-03-06,0.0386769011272812,0.030941520901824962,0.05730454495015423,0.0421779330676957,0.052708846,0.042479627849962245
2025-03-07,0.048431656565946,0.038745325252756806,0.09079783116434685,0.05672079562517368,0.07741917,0.05532621611689064
2025-03-08,0.0134900855007645,0.010792068400611601,0.025993970658147476,0.015960910906411534,0.015360312,0.0145040743138692
2025-03-09,0.0030975886408912,0.00247807091271296,0.013883350801562395,0.005377115320727306,0.002206162,0.002906104352388306
2025-03-10,0.0156879520477148,0.01255036163817184,0.038052949991808985,0.020115935118002252,0.03309063,0.020741102469368146
2025-03-11,0.0236203164230615,0.018896253138449202,0.031764055660933904,0.025419414377571455,0.03604082,0.027160950295295725
2025-03-12,0.0072927192309814,0.005834175384785121,0.03415221047805904,0.012830403431260904,0.03449148,0.00968651484623093
2025-03-13,0.0055398995912852,0.0044319196730281596,0.015898880613558562,0.007583680032064366,0.009026859,0.0059420312880899195
2025-03-14,0.0080832142606116,0.0064665714084892805,0.02344247359664027,0.01121849696916954,0.014837944,0.00978625582454496
2025-03-15,0.004864013906452,0.0038912111251616,0.024487572792418262,0.008795500773263062,0.016303357,0.007580927462410283
2025-03-16,0.0033505390100323,0.00268043120802584,0.012806807774538466,0.0051789989304381135,0.0031313165,0.003218734724831012
2025-03-17,0.005336647621944,0.0042693180975552,0.021771316543544462,0.008517282670605232,0.01003133,0.006549636741452972
2025-03-18,0.0042148165897156,0.00337185327177248,0.020158259588314548,0.0074090924065947725,0.0062751574,0.004527799559098995
2025-03-19,0.0053262458270925,0.004260996661674,0.01577472862523622,0.007307093099329837,0.005948445,0.005302095043066658
2025-03-20,0.0123149184946317,0.00985193479570536,0.025250054719435963,0.014836005438842049,0.024579924,0.014176947006461901
2025-03-21,0.003123172171369,0.0024985377370952003,0.02098877792133594,0.00663923180247397,0.009185218,0.004192711522021734
2025-03-22,0.0029112009008924,0.00232896072071392,0.015528251123781115,0.005554574314631422,0.008073596,0.0038662484449182816
2025-03-23,0.0021371235576373,0.0017096988461098401,0.008675077761748145,0.0033938891770373854,0.0027943733,0.002351593198266509
2025-03-24,0.0081902290048726,0.006552183203898081,0.023988214366500515,0.011313892026753695,0.022605002,0.010375002533696304
2025-03-25,0.0068076398914647,0.0054461119131717604,0.021686311645012717,0.009726729523973214,0.01526158,0.00826974109686648
2025-03-26,0.0048004801497789,0.0038403841198231207,0.01585812191986641,0.007065830104899078,0.00811925,0.005564695619679533
2025-03-27,0.0038852235428946,0.0031081788343156804,0.018986040461860115,0.006991021034877984,0.008636931,0.0046964973312582006
2025-03-28,0.0047437824813448,0.0037950259850758404,0.014457303130329861,0.006617013296836947,0.0076463176,0.005488107212207029
2025-03-29,0.0031731892542463,0.00253855140339704,0.025140048498719224,0.007613538312482163,0.019955529,0.007394893853181319
2025-03-30,0.0044413031484362,0.0035530425187489598,0.022936707071424416,0.007971541636136514,0.0152241215,0.006794497235520801
2025-03-31,0.0096150085188491,0.0076920068150792805,0.025537561457583968,0.012773240823764256,0.027145354,0.012962018072459527
2025-04-01,0.0033053274887361,0.00264426199098888,0.017858552165854902,0.006290670664703679,0.007896935,0.004197715146782129
2025-04-02,0.0033259966163697,0.0026607972930957602,0.023836609982158995,0.0073977137652065875,0.02189913,0.006251746871306472
2025-04-03,0.0116907492115055,0.0093525993692044,0.026855533690925942,0.014652149552990868,0.026501212,0.015416178019559738
2025-04-04,0.0040581619083006,0.00324652952664048,0.020452066596001125,0.007372462209210405,0.008918221,0.005611564065893
2025-04-05,0.0073100007834629,0.0058480006267703204,0.021546248718192745,0.010165725485808023,0.009342733,0.008384803645072046
2025-04-06,0.0032455898359648,0.0025964718687718404,0.014653888717729088,0.0054810491600111345,0.009264386,0.0043482189675232066
2025-04-07,0.0162462314562718,0.012996985165017442,0.03879968700708045,0.020588589755642078,0.03955187,0.020266243775921657
2025-04-08,0.0122962719795386,0.009837017583630881,0.02395796300004864,0.014500537286046649,0.019334735,0.013167340497456393
2025-04-09,0.0208450091513995,0.016676007321119603,0.043590881824421765,0.0256398913481595,0.05113796,0.024625368898749646
2025-04-10,0.0056405097560193,0.00451240780481544,0.044812013055804595,0.01342174530098068,0.033841718,0.011482460412172941
2025-04-11,0.0114761012101334,0.00918088096810672,0.031063677386790754,0.015462969669800493,0.03152665,0.014171958786083195
2025-04-12,0.0031672732720768,0.00253381861766144,0.02775815470506122,0.008100599845867942,0.018369712,0.006655275378574573
2025-04-13,0.0113832249698542,0.00910657997588336,0.029428720439122112,0.014956859769788784,0.033851147,0.014489905250917073
2025-04-14,0.0118750719251351,0.00950005754010808,0.022025828125999534,0.013883614153261935,0.01076549,0.011466110461596962
2025-04-15,0.0059035305195788,0.00472282441566304,0.01962331242203997,0.008791027153975721,0.002470542,0.005954872330190397
2025-04-16,0.0049878692488117,0.00399029539904936,0.022969958604659654,0.008402383037858521,0.014020081,0.00638637068688317
2025-04-17,0.0041973183806085,0.0033578547044868,0.016631929398005493,0.006687931272478822,0.0043216185,0.004110764744805766
2025-04-18,0.0033004153021408,0.00264033224171264,0.016974175390995057,0.006051956083218044,0.006423242,0.0035501994143077534
2025-04-19,0.0019394783169909,0.00155158265359272,0.01249774446372414,0.003985267490319486,0.002143419,0.0019197454685861313
2025-04-20,0.001711285269215,0.0013690282153720002,0.017551079349433757,0.004892844429929329,0.009935876,0.0031966265319669585
2025-04-21,0.0118053851455527,0.00944430811644216,0.023767165666744628,0.014100052136020022,0.022443166,0.01320830650941153
2025-04-22,0.0126471664611218,0.010117733168897441,0.02199840166996419,0.014488020354594804,0.015546384,0.012432656034377626
2025-04-23,0.0086276084416997,0.00690208675335976,0.028799507347277303,0.012810608622817916,0.032135773,0.012021872885486807
2025-04-24,0.0054740716624593,0.00437925732996744,0.01938782487510278,0.00829245190045147,0.005221574,0.006101021313336313
2025-04-25,0.006628755478388,0.005303004382710401,0.01932473358800054,0.009169238562596629,0.00838308,0.0077306736247348224
2025-04-26,0.004191457654077,0.0033531661232616,0.02013834686546767,0.007384995241392392,0.007512663,0.004957261923110037
2025-04-27,0.009544500186428,0.007635600149142401,0.021827582770663906,0.012095044632127478,0.012844775,0.01035680946100022
2025-04-28,0.0063519404768881,0.00508155238151048,0.019770851503760744,0.009167982288693362,0.0100154085,0.006563045152346237
